{
    "dynamicAvg": 1.5251249999999996,
    "staticAvg": 1.1590000000000005
}